Test_True,Test_Pred,Test_Lower,Test_Upper
6732.0,4583.9814,-11779.573,20947.535
6587.0,5294.0176,-11069.537,21657.572
7438.0,4893.7065,-11469.848,21257.262
8138.0,3679.3943,-12684.16,20042.95
9609.0,3289.7983,-13073.756,19653.354
8378.0,4339.2646,-12024.29,20702.82
8692.0,2658.0142,-13705.541,19021.568
8436.0,2019.3506,-14344.204,18382.906
7657.0,2957.9893,-13405.565,19321.543
7537.0,3034.273,-13329.281,19397.828
7498.0,-178.57819,-16542.133,16184.977
7861.0,3457.1594,-12906.3955,19820.715
9066.0,1963.0668,-14400.488,18326.621
7946.0,340.3728,-16023.182,16703.928
9528.0,2511.9524,-13851.603,18875.508
9644.0,3989.5781,-12373.977,20353.133
9504.0,-1826.5969,-18190.152,14536.958
9207.0,6510.2495,-9853.305,22873.805
9545.0,7918.472,-8445.082,24282.027
9546.0,5211.588,-11151.967,21575.143
9125.0,7461.0312,-8902.523,23824.586
8929.0,10390.076,-5973.4785,26753.63
8474.0,5429.44,-10934.115,21792.994
8812.0,6034.53,-10329.025,22398.084
9266.0,7606.957,-8756.598,23970.512
8713.0,7317.016,-9046.539,23680.57
9427.0,451.59644,-15911.958,16815.15
8786.0,9516.3955,-6847.159,25879.95
9042.0,5428.312,-10935.242,21791.867
9072.0,873.3498,-15490.205,17236.904
9679.0,7415.425,-8948.13,23778.98
9325.0,11423.919,-4939.6357,27787.473
8977.0,-4964.061,-21327.615,11399.494
9245.0,18516.312,2152.7578,34879.867
9026.0,22428.043,6064.4883,38791.598
9733.0,13889.547,-2474.0078,30253.102
9485.0,20786.861,4423.3066,37150.414
8634.0,28534.162,12170.607,44897.72
9721.0,14964.69,-1398.8643,31328.246
9417.0,16418.09,54.535156,32781.645
9674.0,21317.467,4953.912,37681.023
9064.0,19959.555,3596.0,36323.11
9551.0,1098.3727,-15265.182,17461.928
9350.0,26101.719,9738.164,42465.273
8211.0,15224.338,-1139.2168,31587.893
8199.0,1135.6526,-15227.902,17499.207
7798.0,21025.957,4662.4023,37389.51
8030.0,31648.059,15284.504,48011.613
